timestamp,temperature,pressure,vibration,power,is_anomaly
2024-01-01 00:00:00,76.2045,4.5441,2.9224,17.8439,False
2024-01-01 00:01:00,74.6837,4.5883,2.929,17.3653,False
2024-01-01 00:02:00,76.6809,4.8007,2.5846,19.61,False
2024-01-01 00:03:00,76.8801,4.8759,2.606,18.8757,False
2024-01-01 00:04:00,73.7612,4.5665,2.7029,19.6999,False
2024-01-01 00:05:00,74.6468,4.9453,2.8713,18.7467,False
2024-01-01 00:06:00,76.5863,4.7533,2.8711,20.0426,False
2024-01-01 00:07:00,76.3845,4.5234,2.9237,19.3378,False
2024-01-01 00:08:00,76.682,4.931,3.0257,19.1347,False
2024-01-01 00:09:00,76.0265,4.8456,3.3928,19.5292,False
2024-01-01 00:10:00,78.2993,4.6061,3.1521,19.3138,False
2024-01-01 00:11:00,77.7797,5.1765,3.3277,21.9665,False
2024-01-01 00:12:00,77.5102,4.9945,3.153,20.7428,False
2024-01-01 00:13:00,78.638,4.877,3.4226,21.5032,False
2024-01-01 00:14:00,77.2907,5.1243,3.3687,20.0681,False
2024-01-01 00:15:00,75.3885,4.9549,3.5142,20.2509,False
2024-01-01 00:16:00,76.5742,4.8992,3.4422,20.706,False
2024-01-01 00:17:00,75.0916,4.7746,3.3679,22.0816,False
2024-01-01 00:18:00,77.2817,5.0079,3.167,20.7238,False
2024-01-01 00:19:00,76.1287,5.0055,3.2707,20.6349,False
2024-01-01 00:20:00,76.2715,4.8393,3.4187,21.2172,False
2024-01-01 00:21:00,75.8625,4.6627,2.9774,21.5809,False
2024-01-01 00:22:00,78.3123,4.8697,2.8941,22.3692,False
2024-01-01 00:23:00,76.8483,4.8554,3.1195,21.6571,False
2024-01-01 00:24:00,76.7704,4.6277,3.1662,21.9186,False
2024-01-01 00:25:00,76.1166,4.5969,2.8315,22.1258,False
2024-01-01 00:26:00,77.095,4.9007,2.8691,20.0232,False
2024-01-01 00:27:00,76.1597,4.4562,2.957,20.0991,False
2024-01-01 00:28:00,76.3134,4.8117,2.2693,20.0492,False
2024-01-01 00:29:00,76.4101,4.6699,2.9906,19.8496,False
2024-01-01 00:30:00,78.9099,4.9505,2.9736,21.7274,False
2024-01-01 00:31:00,76.3256,4.6753,2.9781,21.1711,False
2024-01-01 00:32:00,76.2916,4.8736,3.633,20.9573,False
2024-01-01 00:33:00,75.7628,4.6581,2.8194,19.0478,False
2024-01-01 00:34:00,77.6728,4.7519,3.0503,22.1523,False
2024-01-01 00:35:00,78.1063,4.8948,2.5137,19.897,False
2024-01-01 00:36:00,76.6298,4.7347,3.1859,22.131,False
2024-01-01 00:37:00,76.1265,4.9568,3.2106,19.0741,False
2024-01-01 00:38:00,75.9379,4.6509,3.2441,19.6396,False
2024-01-01 00:39:00,78.0006,4.804,3.6541,18.7936,False
2024-01-01 00:40:00,78.3425,4.8947,3.4794,21.053,False
2024-01-01 00:41:00,77.733,4.912,3.1776,19.7969,False
2024-01-01 00:42:00,76.6254,5.0925,3.0429,19.9804,False
2024-01-01 00:43:00,77.9284,4.6484,3.4297,19.8913,False
2024-01-01 00:44:00,77.7892,4.5342,3.1653,21.5243,False
2024-01-01 00:45:00,77.5996,4.6025,3.0223,21.2432,False
2024-01-01 00:46:00,78.0515,4.8351,2.635,21.9199,False
2024-01-01 00:47:00,77.075,4.8346,2.9226,20.0813,False
2024-01-01 00:48:00,77.8212,4.7998,3.1234,20.7447,False
2024-01-01 00:49:00,76.7384,4.6559,3.7369,19.2395,False
2024-01-01 00:50:00,77.1744,5.0013,3.0612,19.5654,False
2024-01-01 00:51:00,77.1426,4.7421,2.8131,19.6062,False
2024-01-01 00:52:00,74.5902,5.0503,2.5185,20.24,False
2024-01-01 00:53:00,76.0249,5.2594,2.9948,20.7469,False
2024-01-01 00:54:00,76.7517,4.8794,2.2985,21.0056,False
2024-01-01 00:55:00,76.0364,4.8886,2.9186,19.1919,False
2024-01-01 00:56:00,77.012,4.6738,3.0434,20.6385,False
2024-01-01 00:57:00,79.1731,4.4564,3.0787,19.7488,False
2024-01-01 00:58:00,76.4702,4.6167,2.7274,19.6034,False
2024-01-01 00:59:00,78.6899,4.5139,2.8062,19.5772,False
2024-01-01 01:00:00,75.6447,4.4482,2.5498,19.3461,False
2024-01-01 01:01:00,77.1768,4.9781,2.3553,21.311,False
2024-01-01 01:02:00,78.2722,4.7675,3.1774,20.3906,False
2024-01-01 01:03:00,78.5664,4.8913,2.4418,20.208,False
2024-01-01 01:04:00,79.0855,4.7858,2.7242,19.7974,False
2024-01-01 01:05:00,78.8954,4.7822,1.6365,22.0393,False
2024-01-01 01:06:00,77.4611,4.9419,2.7768,21.1801,False
2024-01-01 01:07:00,76.8999,4.7922,2.7521,19.667,False
2024-01-01 01:08:00,78.6303,4.883,2.2553,20.1222,False
2024-01-01 01:09:00,77.8658,4.8525,2.4332,19.8916,False
2024-01-01 01:10:00,76.4859,4.7721,2.383,20.3888,False
2024-01-01 01:11:00,76.5382,4.6319,1.9748,19.952,False
2024-01-01 01:12:00,76.3507,4.5339,2.3128,20.8575,False
2024-01-01 01:13:00,77.9462,4.6978,1.9635,21.2587,False
2024-01-01 01:14:00,76.9289,4.7604,2.1598,18.9882,False
2024-01-01 01:15:00,77.2675,4.5937,2.7199,19.1558,False
2024-01-01 01:16:00,76.0312,4.7169,2.7369,19.3687,False
2024-01-01 01:17:00,77.2248,4.7053,2.2076,19.3062,False
2024-01-01 01:18:00,78.7851,4.2712,2.1359,20.908,False
2024-01-01 01:19:00,77.3875,4.379,2.2303,20.2657,False
2024-01-01 01:20:00,78.7696,4.605,2.6707,20.2613,False
2024-01-01 01:21:00,77.4342,4.5584,2.0388,18.8991,False
2024-01-01 01:22:00,77.6533,4.2552,2.4432,18.9855,False
2024-01-01 01:23:00,77.7043,4.4421,2.5851,18.0542,False
2024-01-01 01:24:00,76.659,4.5268,2.3246,19.9795,False
2024-01-01 01:25:00,78.626,4.4482,2.8285,19.6609,False
2024-01-01 01:26:00,77.2366,4.3305,2.5139,20.1168,False
2024-01-01 01:27:00,77.2234,4.2003,2.701,18.7558,False
2024-01-01 01:28:00,77.1651,4.1156,2.5273,18.7117,False
2024-01-01 01:29:00,77.3196,4.2693,3.1646,19.0007,False
2024-01-01 01:30:00,77.4268,4.2536,2.5773,19.6468,False
2024-01-01 01:31:00,76.2407,4.3538,2.9499,17.7412,False
2024-01-01 01:32:00,75.8057,4.226,2.8609,19.4354,False
2024-01-01 01:33:00,76.4508,4.3498,2.4787,18.7803,False
2024-01-01 01:34:00,74.5142,4.1829,2.6034,18.5887,False
2024-01-01 01:35:00,74.4864,4.348,3.2126,17.5882,False
2024-01-01 01:36:00,75.0052,4.2859,2.9353,19.0271,False
2024-01-01 01:37:00,75.8657,4.0739,2.649,21.1053,False
2024-01-01 01:38:00,77.5897,3.8713,3.0217,21.3678,False
2024-01-01 01:39:00,76.2327,4.4448,2.9591,19.957,False
2024-01-01 01:40:00,77.1522,4.2552,4.0484,21.4382,False
2024-01-01 01:41:00,79.3886,3.8908,2.8633,19.5997,False
2024-01-01 01:42:00,77.4197,3.9984,2.6538,20.6103,False
2024-01-01 01:43:00,78.7345,4.24,3.324,19.4208,False
2024-01-01 01:44:00,76.6941,4.1132,2.219,19.2525,False
2024-01-01 01:45:00,76.9435,4.058,2.8393,19.5021,False
2024-01-01 01:46:00,76.0952,4.3318,3.5782,18.5061,False
2024-01-01 01:47:00,76.122,3.9854,2.893,21.3865,False
2024-01-01 01:48:00,77.0594,4.0155,2.426,19.9062,False
2024-01-01 01:49:00,74.2709,4.0973,2.7261,19.6267,False
2024-01-01 01:50:00,76.9676,4.081,3.4482,19.4328,False
2024-01-01 01:51:00,77.0534,4.1046,3.129,20.4599,False
2024-01-01 01:52:00,75.7193,4.2199,2.7803,22.0101,False
2024-01-01 01:53:00,74.0528,4.1831,2.9591,22.6511,False
2024-01-01 01:54:00,75.5829,4.2575,3.0608,19.7764,False
2024-01-01 01:55:00,74.6993,4.154,3.2603,20.7904,False
2024-01-01 01:56:00,75.4447,4.2332,3.5018,20.2257,False
2024-01-01 01:57:00,75.4033,4.2076,3.4709,21.796,False
2024-01-01 01:58:00,76.9553,4.2179,3.2446,20.8552,False
2024-01-01 01:59:00,74.6693,4.2678,2.5303,20.0341,False
2024-01-01 02:00:00,73.1668,4.1859,2.5494,20.5968,True
2024-01-01 02:01:00,74.8337,4.1355,2.9979,19.9986,True
2024-01-01 02:02:00,74.9407,4.0277,2.6101,21.7016,True
2024-01-01 02:03:00,76.0991,4.2029,2.985,20.7989,True
2024-01-01 02:04:00,75.4647,4.2255,3.0847,21.0303,True
2024-01-01 02:05:00,74.9121,4.2819,2.6158,18.4597,True
2024-01-01 02:06:00,76.2377,4.6218,2.5089,20.5135,True
2024-01-01 02:07:00,73.797,4.223,2.7259,21.8389,True
2024-01-01 02:08:00,74.4968,4.3973,3.037,21.615,True
2024-01-01 02:09:00,74.1492,4.4752,3.439,18.9738,True
2024-01-01 02:10:00,74.1331,4.3624,3.3897,20.1165,True
2024-01-01 02:11:00,72.7657,4.7443,3.2379,19.2617,True
2024-01-01 02:12:00,75.2444,4.3216,2.968,21.4182,True
2024-01-01 02:13:00,74.1366,4.4461,2.7989,20.5659,True
2024-01-01 02:14:00,73.32,4.2666,3.1681,20.0217,True
2024-01-01 02:15:00,73.97,4.3286,3.4305,20.6878,True
2024-01-01 02:16:00,76.2001,4.3878,3.5997,18.4636,True
2024-01-01 02:17:00,77.0052,4.5564,2.9819,19.7486,True
2024-01-01 02:18:00,78.568,4.5442,3.1975,20.5767,True
2024-01-01 02:19:00,79.8018,4.7256,3.7173,21.0932,True
2024-01-01 02:20:00,76.9778,4.626,3.3012,18.8641,True
2024-01-01 02:21:00,76.0928,4.5918,2.8258,19.9235,True
2024-01-01 02:22:00,74.044,5.194,3.9289,21.0213,True
2024-01-01 02:23:00,76.411,4.8405,3.4558,19.0245,True
2024-01-01 02:24:00,75.1693,4.6887,3.4376,20.436,True
2024-01-01 02:25:00,75.9171,4.6777,3.4189,20.0736,True
2024-01-01 02:26:00,76.1993,4.661,3.1957,21.4887,True
2024-01-01 02:27:00,77.1974,4.9833,3.033,19.6345,True
2024-01-01 02:28:00,78.7665,4.7838,3.8402,19.4753,True
2024-01-01 02:29:00,78.3149,4.9383,3.3501,20.1089,True
2024-01-01 02:30:00,78.5667,4.917,3.2473,18.0528,True
2024-01-01 02:31:00,77.8283,5.0444,3.1591,19.1403,True
2024-01-01 02:32:00,77.66,4.7621,2.6505,18.6665,True
2024-01-01 02:33:00,79.4264,4.7439,3.3195,18.7106,True
2024-01-01 02:34:00,79.9888,4.929,2.741,19.7682,True
2024-01-01 02:35:00,82.6901,4.9545,3.0879,19.3462,True
2024-01-01 02:36:00,81.0237,4.8769,2.4392,18.2159,True
2024-01-01 02:37:00,82.3121,4.8249,2.1367,18.6403,True
2024-01-01 02:38:00,81.3366,5.0289,2.7217,19.8937,True
2024-01-01 02:39:00,79.8851,4.7436,2.3004,18.1988,True
2024-01-01 02:40:00,79.9448,4.7424,1.9099,19.106,True
2024-01-01 02:41:00,80.1431,4.6749,2.5691,18.904,True
2024-01-01 02:42:00,83.8002,5.0346,2.9082,18.9594,True
2024-01-01 02:43:00,80.5418,4.9563,2.5401,17.5129,True
2024-01-01 02:44:00,82.3712,4.9781,1.8653,19.6908,True
2024-01-01 02:45:00,80.3364,5.0397,1.9038,18.2028,True
2024-01-01 02:46:00,82.6558,5.2857,2.0204,19.7616,True
2024-01-01 02:47:00,83.3275,4.5633,1.9971,18.2037,True
2024-01-01 02:48:00,83.7236,4.6787,1.5273,18.1458,True
2024-01-01 02:49:00,84.0803,4.6549,1.5317,19.4807,True
2024-01-01 02:50:00,71.3432,4.5676,1.6673,18.9748,False
2024-01-01 02:51:00,72.3893,4.5857,1.8337,18.3436,False
2024-01-01 02:52:00,70.7815,4.7351,1.6025,18.6379,False
2024-01-01 02:53:00,70.0091,4.642,1.5977,17.5264,False
2024-01-01 02:54:00,69.7814,4.8751,2.1324,17.3637,False
2024-01-01 02:55:00,71.7012,4.8664,2.0542,16.4509,False
2024-01-01 02:56:00,73.0207,4.8492,1.8075,17.6167,False
2024-01-01 02:57:00,71.2763,4.8942,2.3373,16.3227,False
2024-01-01 02:58:00,71.2367,4.917,1.8314,17.8584,False
2024-01-01 02:59:00,72.0865,4.7993,2.5325,16.585,False
2024-01-01 03:00:00,73.6811,5.1903,2.3348,16.839,False
2024-01-01 03:01:00,72.1089,4.8622,3.0158,17.5674,False
2024-01-01 03:02:00,71.8858,4.4824,1.849,16.9262,False
2024-01-01 03:03:00,73.6222,4.5853,2.0799,16.4711,False
2024-01-01 03:04:00,73.2494,4.5077,2.5463,16.7121,False
2024-01-01 03:05:00,74.7686,4.809,2.6129,17.1442,False
2024-01-01 03:06:00,72.839,4.7317,3.1194,16.0381,False
2024-01-01 03:07:00,71.2437,4.644,2.3443,16.2437,False
2024-01-01 03:08:00,71.4091,4.9939,2.885,16.584,False
2024-01-01 03:09:00,75.4449,4.7706,2.9668,17.1839,False
2024-01-01 03:10:00,75.6556,4.7485,2.9402,16.6679,False
2024-01-01 03:11:00,74.0935,4.4511,2.3246,17.9113,False
2024-01-01 03:12:00,74.3479,4.4218,3.0189,16.176,False
2024-01-01 03:13:00,76.582,4.6,3.1821,16.2088,False
2024-01-01 03:14:00,73.8832,4.5851,2.958,16.5433,False
2024-01-01 03:15:00,74.9294,4.295,2.8402,16.012,False
2024-01-01 03:16:00,77.5375,4.6127,2.7886,16.211,False
2024-01-01 03:17:00,75.8691,4.5984,2.7509,17.0223,False
2024-01-01 03:18:00,76.0438,4.5716,2.9206,18.2305,False
2024-01-01 03:19:00,76.444,4.5441,2.7429,17.509,False
2024-01-01 03:20:00,76.6905,4.5789,2.5764,16.8605,False
2024-01-01 03:21:00,77.5422,4.6196,2.4695,18.283,False
2024-01-01 03:22:00,75.8521,4.7241,2.6476,17.9304,False
2024-01-01 03:23:00,76.7377,4.7954,3.0278,17.4047,False
2024-01-01 03:24:00,73.5267,4.9239,3.0579,15.8242,False
2024-01-01 03:25:00,75.7512,4.7403,3.1487,15.7844,False
2024-01-01 03:26:00,74.6203,4.7016,3.5314,17.7394,False
2024-01-01 03:27:00,73.9864,4.8578,3.2797,16.6988,False
2024-01-01 03:28:00,74.1602,4.8963,3.9258,16.1608,False
2024-01-01 03:29:00,75.7269,4.7814,3.3168,16.7132,False
2024-01-01 03:30:00,77.38,4.9327,3.2546,16.839,False
2024-01-01 03:31:00,75.0458,4.9552,3.6567,15.3583,False
2024-01-01 03:32:00,76.5169,4.9901,3.1098,15.9924,False
2024-01-01 03:33:00,75.858,5.0845,3.5466,16.6088,False
2024-01-01 03:34:00,75.816,4.6284,4.135,14.8903,False
2024-01-01 03:35:00,76.4958,4.7941,3.1923,16.258,False
2024-01-01 03:36:00,75.5252,4.7989,4.0874,15.1911,False
2024-01-01 03:37:00,75.9357,4.7053,4.089,15.6462,False
2024-01-01 03:38:00,73.4657,4.6608,3.3942,15.7328,False
2024-01-01 03:39:00,72.5495,4.6158,3.6259,16.5962,False
2024-01-01 03:40:00,73.77,4.8715,3.9331,16.2543,False
2024-01-01 03:41:00,74.4578,4.7775,3.5491,16.2647,False
2024-01-01 03:42:00,74.9812,4.8766,4.0012,16.7117,False
2024-01-01 03:43:00,73.724,4.6365,3.5925,15.881,False
2024-01-01 03:44:00,75.5112,4.4777,3.5648,17.2329,False
2024-01-01 03:45:00,75.4293,4.6631,3.4657,17.6526,False
2024-01-01 03:46:00,78.4553,4.5966,3.6789,16.828,False
2024-01-01 03:47:00,78.0261,4.5933,3.7548,17.1669,False
2024-01-01 03:48:00,74.6036,4.8067,3.437,17.7116,False
2024-01-01 03:49:00,75.5537,4.523,3.0548,15.8944,False
2024-01-01 03:50:00,74.4037,1.4621,3.2016,18.073,True
2024-01-01 03:51:00,75.299,4.184,3.7485,19.7352,False
2024-01-01 03:52:00,76.0375,4.1978,4.1224,17.2484,False
2024-01-01 03:53:00,76.7538,4.5536,3.734,16.9871,False
2024-01-01 03:54:00,74.5568,4.1932,3.4269,17.531,False
2024-01-01 03:55:00,74.854,4.1279,3.5918,18.776,False
2024-01-01 03:56:00,72.8582,4.2793,3.2898,18.1598,False
2024-01-01 03:57:00,75.3431,4.2963,3.1887,15.4648,False
2024-01-01 03:58:00,74.5597,4.1813,2.955,17.9157,False
2024-01-01 03:59:00,75.5003,4.2845,3.8197,19.2826,False
2024-01-01 04:00:00,75.708,4.4344,2.4609,17.6176,False
2024-01-01 04:01:00,77.144,4.1547,3.4618,16.5055,False
2024-01-01 04:02:00,74.8023,4.0023,2.953,17.6615,False
2024-01-01 04:03:00,75.7919,4.3419,3.0104,16.0355,False
2024-01-01 04:04:00,79.9216,4.2641,3.6198,18.1969,False
2024-01-01 04:05:00,76.2149,4.0981,2.8792,16.3658,False
2024-01-01 04:06:00,76.4681,3.9485,2.7473,17.581,False
2024-01-01 04:07:00,79.8414,4.0165,2.7884,16.6944,False
2024-01-01 04:08:00,80.4833,4.0432,2.9819,17.2098,False
2024-01-01 04:09:00,75.5749,4.2542,2.8259,19.2653,False
2024-01-01 04:10:00,76.0257,3.9204,2.4624,17.9392,False
2024-01-01 04:11:00,77.3016,4.1044,2.5253,17.3605,False
2024-01-01 04:12:00,79.5689,4.2049,3.1363,16.9877,False
2024-01-01 04:13:00,76.0516,3.6736,2.9291,16.2012,False
2024-01-01 04:14:00,77.0929,4.2248,2.9787,16.7756,False
2024-01-01 04:15:00,78.0954,3.8705,2.8267,17.824,False
2024-01-01 04:16:00,77.5069,4.1105,2.5679,18.4761,False
2024-01-01 04:17:00,76.8712,4.0668,3.2001,17.2762,False
2024-01-01 04:18:00,77.1904,4.2678,2.6357,19.0197,False
2024-01-01 04:19:00,76.3686,4.1475,2.5366,17.2507,False
2024-01-01 04:20:00,77.567,3.6958,2.8745,17.5119,False
2024-01-01 04:21:00,77.9088,3.9445,2.21,16.7352,False
2024-01-01 04:22:00,78.5387,4.04,2.3003,18.4002,False
2024-01-01 04:23:00,77.8743,4.0148,2.5528,19.3139,False
2024-01-01 04:24:00,78.9244,4.1985,2.65,16.161,False
2024-01-01 04:25:00,79.5423,4.231,2.853,17.4165,False
2024-01-01 04:26:00,78.4579,4.2316,3.3755,18.311,False
2024-01-01 04:27:00,78.3789,3.9947,2.7872,16.0294,False
2024-01-01 04:28:00,78.2583,3.7654,2.0681,17.6438,False
2024-01-01 04:29:00,78.4131,3.9779,2.9165,18.0347,False
2024-01-01 04:30:00,77.7309,4.0911,2.7168,17.5923,False
2024-01-01 04:31:00,79.4869,3.9351,2.6103,18.0338,False
2024-01-01 04:32:00,79.4393,4.1978,2.7093,19.1029,False
2024-01-01 04:33:00,81.8331,4.2514,2.6066,19.1917,False
2024-01-01 04:34:00,81.2505,4.1378,2.5969,17.6393,False
2024-01-01 04:35:00,79.5005,3.5944,2.8961,17.0299,False
2024-01-01 04:36:00,78.0402,3.8369,2.6186,16.7509,False
2024-01-01 04:37:00,77.3129,4.3826,2.6161,18.1154,False
2024-01-01 04:38:00,80.5773,3.9477,3.6292,16.2509,False
2024-01-01 04:39:00,79.4791,3.7268,2.5363,16.6136,False
2024-01-01 04:40:00,79.5386,4.2219,2.8495,16.737,False
2024-01-01 04:41:00,77.1782,4.1471,2.2369,16.723,False
2024-01-01 04:42:00,79.4596,4.3705,2.6724,17.6456,False
2024-01-01 04:43:00,78.0614,4.2438,2.2956,19.8734,False
2024-01-01 04:44:00,76.3978,4.3528,2.4617,18.1222,False
2024-01-01 04:45:00,77.0946,4.3243,3.0704,18.0785,False
2024-01-01 04:46:00,77.9701,4.44,3.0882,19.167,False
2024-01-01 04:47:00,77.1333,4.6328,3.0417,18.3387,False
2024-01-01 04:48:00,76.6256,4.5044,2.3884,19.6263,False
2024-01-01 04:49:00,77.4826,4.1194,3.5196,18.6592,False
2024-01-01 04:50:00,77.4694,4.3933,2.6415,18.9627,False
2024-01-01 04:51:00,77.8663,4.5054,3.4874,17.6513,False
2024-01-01 04:52:00,79.1358,4.5442,3.3547,18.2653,False
2024-01-01 04:53:00,73.9986,4.2932,3.3646,18.0409,False
2024-01-01 04:54:00,75.8831,4.5728,3.0183,20.1228,False
2024-01-01 04:55:00,76.3627,4.5248,3.2054,19.1111,False
2024-01-01 04:56:00,76.6921,4.8137,3.0771,20.9156,False
2024-01-01 04:57:00,75.1858,4.3474,3.2924,19.7898,False
2024-01-01 04:58:00,73.1737,4.3916,3.2201,19.3009,False
2024-01-01 04:59:00,75.1541,4.412,2.7694,18.5185,False
2024-01-01 05:00:00,76.3976,4.4018,3.7161,19.8595,False
2024-01-01 05:01:00,72.4274,4.3763,3.3572,18.6709,False
2024-01-01 05:02:00,74.4717,4.1963,3.2333,18.5414,False
2024-01-01 05:03:00,73.2119,4.5909,3.0183,20.4161,False
2024-01-01 05:04:00,73.7362,4.7564,3.2886,19.299,False
2024-01-01 05:05:00,72.3693,4.765,2.8582,19.1546,False
2024-01-01 05:06:00,72.252,5.1448,2.3545,19.7741,False
2024-01-01 05:07:00,73.8092,4.8701,3.3021,19.4024,False
2024-01-01 05:08:00,73.3589,5.085,3.3971,19.8505,False
2024-01-01 05:09:00,73.677,4.8759,3.1954,19.2122,False
2024-01-01 05:10:00,72.8705,4.9346,-4.6205,21.4734,True
2024-01-01 05:11:00,71.5444,4.8255,3.3017,18.8228,False
2024-01-01 05:12:00,73.4,5.0158,2.9502,20.5507,False
2024-01-01 05:13:00,71.5707,4.808,3.0297,19.2077,False
2024-01-01 05:14:00,72.17,4.8785,3.1403,19.7584,False
2024-01-01 05:15:00,70.9994,4.9066,3.726,19.7499,False
2024-01-01 05:16:00,72.0578,4.8444,3.2158,20.0054,False
2024-01-01 05:17:00,70.9941,4.9372,3.2202,18.1088,False
2024-01-01 05:18:00,73.0836,5.179,3.9371,19.834,False
2024-01-01 05:19:00,69.8705,4.8543,3.4801,20.3368,False
2024-01-01 05:20:00,72.6026,4.991,3.4657,18.5822,False
2024-01-01 05:21:00,71.0906,5.042,3.3002,18.7365,False
2024-01-01 05:22:00,72.4677,5.0125,3.4368,18.6211,False
2024-01-01 05:23:00,71.9114,4.8545,2.9503,18.7709,False
2024-01-01 05:24:00,72.5904,4.5343,3.9411,20.4539,False
2024-01-01 05:25:00,71.3526,5.0134,3.9776,18.1914,False
2024-01-01 05:26:00,68.9217,4.6174,3.7399,18.3725,False
2024-01-01 05:27:00,70.8014,5.199,3.9146,20.7525,False
2024-01-01 05:28:00,68.8688,5.0081,4.1634,20.1159,False
2024-01-01 05:29:00,69.6061,5.1041,3.6187,21.4667,False
2024-01-01 05:30:00,72.3102,4.811,3.9455,19.5373,False
2024-01-01 05:31:00,70.5763,4.7192,3.7717,19.6429,False
2024-01-01 05:32:00,68.6134,4.9949,4.5952,18.7964,False
2024-01-01 05:33:00,68.6001,4.8715,4.2238,19.3946,False
2024-01-01 05:34:00,69.9876,4.7949,3.2596,17.6932,False
2024-01-01 05:35:00,68.6686,4.8945,3.4952,19.4201,False
2024-01-01 05:36:00,70.0198,5.2945,3.8488,18.709,False
2024-01-01 05:37:00,71.3655,5.004,3.6554,18.1297,False
2024-01-01 05:38:00,72.6084,5.0687,3.3129,17.8646,False
2024-01-01 05:39:00,72.9165,4.9982,4.3169,17.5072,False
2024-01-01 05:40:00,69.305,5.0309,3.8647,18.6757,False
2024-01-01 05:41:00,72.0907,4.7783,3.7732,17.2432,False
2024-01-01 05:42:00,71.9468,4.5461,3.2849,18.549,False
2024-01-01 05:43:00,72.4957,4.9122,3.6675,20.1267,False
2024-01-01 05:44:00,73.7293,5.1026,3.3964,19.6667,False
2024-01-01 05:45:00,68.9401,4.7717,3.4443,17.491,False
2024-01-01 05:46:00,71.5617,4.8849,3.5116,18.3539,False
2024-01-01 05:47:00,73.0857,4.8231,2.735,18.8193,False
2024-01-01 05:48:00,70.2051,5.1621,3.5415,18.455,False
2024-01-01 05:49:00,74.2149,5.0737,3.0222,17.1451,False
2024-01-01 05:50:00,72.8479,5.0154,3.4292,18.6097,False
2024-01-01 05:51:00,73.3415,5.0121,2.5231,18.1761,False
2024-01-01 05:52:00,71.8652,4.9289,2.3622,19.8751,False
2024-01-01 05:53:00,73.0803,4.9955,2.1662,17.8794,False
2024-01-01 05:54:00,73.5612,4.7427,2.5734,19.0941,False
2024-01-01 05:55:00,73.2941,4.5683,2.534,17.3543,False
2024-01-01 05:56:00,73.4812,4.7877,2.3755,17.8245,False
2024-01-01 05:57:00,73.4044,4.781,2.28,19.0887,False
2024-01-01 05:58:00,71.89,4.885,2.0083,19.4379,False
2024-01-01 05:59:00,72.6445,4.8877,2.456,17.9022,False
2024-01-01 06:00:00,72.6024,4.8896,2.277,19.1075,False
2024-01-01 06:01:00,73.1733,4.4943,2.2568,17.656,False
2024-01-01 06:02:00,74.3168,4.4803,2.7883,18.4433,False
2024-01-01 06:03:00,71.2828,4.6091,2.2907,19.9858,False
2024-01-01 06:04:00,72.8076,4.867,2.7119,18.9221,False
2024-01-01 06:05:00,74.6786,4.7233,2.2713,18.6394,False
2024-01-01 06:06:00,72.2327,4.601,2.3562,17.8396,False
2024-01-01 06:07:00,71.8152,4.3671,2.273,17.6104,False
2024-01-01 06:08:00,73.6269,4.2692,1.6887,19.6751,False
2024-01-01 06:09:00,74.9255,4.5221,2.6848,18.5967,False
2024-01-01 06:10:00,74.3294,4.2308,2.2973,17.5803,False
2024-01-01 06:11:00,75.4073,4.3337,2.6866,18.0885,False
2024-01-01 06:12:00,75.2107,4.2678,2.193,17.3581,False
2024-01-01 06:13:00,75.3953,4.4447,2.4597,17.4645,False
2024-01-01 06:14:00,74.5225,4.116,2.3749,19.1256,False
2024-01-01 06:15:00,76.722,3.793,2.8552,17.9598,False
2024-01-01 06:16:00,73.8935,4.1965,2.6379,19.4958,False
2024-01-01 06:17:00,72.0075,4.0341,2.7429,17.9316,False
2024-01-01 06:18:00,76.4615,4.1208,3.0142,17.7703,False
2024-01-01 06:19:00,74.1491,4.0463,2.843,18.4689,False
2024-01-01 06:20:00,75.4093,3.9959,2.8139,15.8806,False
2024-01-01 06:21:00,77.3166,4.1564,2.0482,18.4101,False
2024-01-01 06:22:00,72.7927,3.8126,2.2533,18.3398,False
2024-01-01 06:23:00,73.1545,4.0389,2.1608,19.6961,False
2024-01-01 06:24:00,72.7353,4.1744,2.7478,19.0045,False
2024-01-01 06:25:00,73.1339,3.9638,2.524,17.5308,False
2024-01-01 06:26:00,74.7386,3.822,1.9964,19.4289,False
2024-01-01 06:27:00,75.3746,4.1505,2.3715,18.2626,False
2024-01-01 06:28:00,74.7449,4.185,2.0758,18.0761,False
2024-01-01 06:29:00,72.9153,3.9309,2.7153,18.8442,False
2024-01-01 06:30:00,71.5757,3.6157,2.0911,18.9139,False
2024-01-01 06:31:00,74.2516,3.9646,2.7754,20.6995,False
2024-01-01 06:32:00,74.241,3.5324,2.6335,19.9482,False
2024-01-01 06:33:00,75.2213,3.7968,3.1923,19.6209,False
2024-01-01 06:34:00,75.7442,3.5776,2.7956,19.679,False
2024-01-01 06:35:00,74.4483,3.5733,2.3662,20.1434,False
2024-01-01 06:36:00,75.9504,3.7174,2.7038,19.9587,False
2024-01-01 06:37:00,75.5782,3.7242,2.0558,20.3211,False
2024-01-01 06:38:00,75.9086,3.6547,2.2421,19.9937,False
2024-01-01 06:39:00,74.6711,3.7686,2.7024,19.4573,False
2024-01-01 06:40:00,74.819,3.6084,1.9832,14.2446,True
2024-01-01 06:41:00,75.7464,3.859,2.5318,13.3414,True
2024-01-01 06:42:00,76.4051,3.8094,2.3433,13.1997,True
2024-01-01 06:43:00,74.9067,3.6472,2.7152,14.5617,True
2024-01-01 06:44:00,75.8628,3.6879,2.5092,14.7798,True
2024-01-01 06:45:00,74.7526,3.5191,2.9364,13.5471,True
2024-01-01 06:46:00,75.2334,3.7742,2.7167,13.5065,True
2024-01-01 06:47:00,76.5009,3.7328,3.183,15.3115,True
2024-01-01 06:48:00,73.3824,3.5273,2.9379,14.7681,True
2024-01-01 06:49:00,74.2372,3.8432,2.7712,13.804,True
2024-01-01 06:50:00,74.2221,3.8039,2.9611,13.0409,True
2024-01-01 06:51:00,73.0643,4.0943,2.606,13.7707,True
2024-01-01 06:52:00,75.8771,3.5343,3.3454,13.1279,True
2024-01-01 06:53:00,77.0106,3.6065,3.355,12.5641,True
2024-01-01 06:54:00,76.2396,3.9995,3.9042,13.3098,True
2024-01-01 06:55:00,77.3068,4.0135,3.0802,13.7943,True
2024-01-01 06:56:00,78.0439,3.7299,3.0662,13.1459,True
2024-01-01 06:57:00,79.1264,3.7799,3.1408,14.0223,True
2024-01-01 06:58:00,77.7659,4.0366,3.4761,14.3308,True
2024-01-01 06:59:00,79.7678,3.6253,3.6438,14.1712,True
2024-01-01 07:00:00,78.198,3.7736,3.5912,13.1419,True
2024-01-01 07:01:00,76.9449,4.0306,3.9393,14.2237,True
2024-01-01 07:02:00,77.1124,4.3191,3.3495,13.4791,True
2024-01-01 07:03:00,76.1512,4.0879,3.8345,12.4546,True
2024-01-01 07:04:00,77.3272,4.1401,3.6244,14.0824,True
2024-01-01 07:05:00,77.9703,4.439,3.5138,13.5519,True
2024-01-01 07:06:00,78.9818,4.6123,3.4983,15.7015,True
2024-01-01 07:07:00,80.3486,4.236,4.4471,14.8065,True
2024-01-01 07:08:00,76.9173,4.3516,3.4888,14.3741,True
2024-01-01 07:09:00,79.2335,4.7184,3.881,14.0157,True
2024-01-01 07:10:00,77.7277,4.2544,3.5055,19.9993,False
2024-01-01 07:11:00,79.3882,4.5648,4.1858,18.87,False
2024-01-01 07:12:00,78.2791,4.3248,3.9195,18.094,False
2024-01-01 07:13:00,75.9027,4.478,3.3697,19.0515,False
2024-01-01 07:14:00,78.6224,4.4323,3.7042,19.8185,False
2024-01-01 07:15:00,76.8991,4.2683,3.4808,17.8733,False
2024-01-01 07:16:00,76.9843,4.292,3.1199,19.1245,False
2024-01-01 07:17:00,76.2171,4.454,3.512,18.7481,False
2024-01-01 07:18:00,75.6962,4.5703,3.4287,18.6199,False
2024-01-01 07:19:00,76.6453,4.3922,3.2302,18.4823,False
2024-01-01 07:20:00,76.4291,4.5129,-4.3407,18.6833,True
2024-01-01 07:21:00,76.9095,4.677,3.1961,20.3388,False
2024-01-01 07:22:00,77.1879,4.4432,3.0826,18.7373,False
2024-01-01 07:23:00,77.9377,4.6987,3.1052,17.6717,False
2024-01-01 07:24:00,76.5823,4.6902,2.9089,18.1544,False
2024-01-01 07:25:00,75.263,5.0053,3.6203,18.2988,False
2024-01-01 07:26:00,78.5141,4.5393,2.9071,17.9301,False
2024-01-01 07:27:00,77.7588,4.5053,3.2199,17.8567,False
2024-01-01 07:28:00,80.0814,4.7323,2.8463,19.2194,False
2024-01-01 07:29:00,79.1069,4.713,3.353,17.7343,False
2024-01-01 07:30:00,78.2952,4.5076,2.4859,17.1383,False
2024-01-01 07:31:00,78.7835,4.4565,2.2839,17.6697,False
2024-01-01 07:32:00,80.9239,4.6346,2.1685,17.3606,False
2024-01-01 07:33:00,81.0604,4.5204,2.4852,15.4522,False
2024-01-01 07:34:00,78.5323,4.6157,2.0299,17.3933,False
2024-01-01 07:35:00,79.1977,4.7561,2.3125,18.0662,False
2024-01-01 07:36:00,80.2549,4.8514,1.74,17.7964,False
2024-01-01 07:37:00,78.7758,4.6225,2.5002,19.1009,False
2024-01-01 07:38:00,80.1786,4.3956,2.3322,17.8962,False
2024-01-01 07:39:00,80.3442,4.3787,1.9548,18.3056,False
2024-01-01 07:40:00,80.8011,4.5181,2.6763,18.8764,False
2024-01-01 07:41:00,79.6855,4.5199,1.7559,17.1438,False
2024-01-01 07:42:00,78.4147,4.6362,2.2983,16.6911,False
2024-01-01 07:43:00,77.4383,4.4321,1.7966,17.4278,False
2024-01-01 07:44:00,78.6766,4.4569,2.5121,16.053,False
2024-01-01 07:45:00,79.739,4.4861,2.1885,16.1763,False
2024-01-01 07:46:00,79.8489,4.646,1.6358,15.4288,False
2024-01-01 07:47:00,81.9574,4.9846,1.5749,16.1396,False
2024-01-01 07:48:00,80.3871,4.8106,2.0732,15.1722,False
2024-01-01 07:49:00,77.3302,4.793,1.8747,15.4392,False
2024-01-01 07:50:00,78.2257,4.7762,1.9585,16.0736,False
2024-01-01 07:51:00,77.3455,4.7217,2.4082,15.7605,False
2024-01-01 07:52:00,77.8747,4.8371,1.6774,14.4139,False
2024-01-01 07:53:00,78.383,4.9407,1.893,15.0631,False
2024-01-01 07:54:00,78.0335,4.7551,2.1354,15.3035,False
2024-01-01 07:55:00,76.7929,4.8502,2.0753,15.7291,False
2024-01-01 07:56:00,78.3916,4.5828,1.811,16.7377,False
2024-01-01 07:57:00,76.4676,4.837,1.9178,16.6974,False
2024-01-01 07:58:00,77.2435,4.928,1.5653,17.0183,False
2024-01-01 07:59:00,80.1553,4.8413,1.6858,16.1561,False
2024-01-01 08:00:00,77.8627,5.1718,2.1678,16.5522,False
2024-01-01 08:01:00,79.3816,4.7593,2.0936,16.3269,False
2024-01-01 08:02:00,77.8656,4.9791,2.0872,16.1556,False
2024-01-01 08:03:00,78.3701,4.9971,2.4595,16.7664,False
2024-01-01 08:04:00,77.5937,5.0554,1.7806,17.0092,False
2024-01-01 08:05:00,77.5973,5.0979,1.9446,16.4732,False
2024-01-01 08:06:00,76.4175,5.1824,2.1267,17.3035,False
2024-01-01 08:07:00,78.04,5.3258,1.8917,14.5596,False
2024-01-01 08:08:00,75.8431,5.4142,2.5264,16.6151,False
2024-01-01 08:09:00,77.6402,5.2069,2.3843,16.5045,False
2024-01-01 08:10:00,78.0574,5.3134,2.1552,17.4967,False
2024-01-01 08:11:00,76.8166,5.0256,2.6887,17.4627,False
2024-01-01 08:12:00,75.8776,5.1987,1.7245,15.4269,False
2024-01-01 08:13:00,76.3923,4.9538,2.218,17.8067,False
2024-01-01 08:14:00,74.951,5.2389,2.3963,15.8344,False
2024-01-01 08:15:00,76.1935,5.466,1.944,16.587,False
2024-01-01 08:16:00,72.3559,5.1039,2.2728,17.3346,False
2024-01-01 08:17:00,74.1643,4.827,1.7036,16.8981,False
2024-01-01 08:18:00,71.6522,5.1072,2.3584,15.8209,False
2024-01-01 08:19:00,72.4096,5.3451,2.424,17.3202,False
2024-01-01 08:20:00,75.3053,5.2509,2.2723,17.2292,False
2024-01-01 08:21:00,74.4487,5.1728,1.7413,17.4191,False
2024-01-01 08:22:00,72.2034,5.3242,2.1341,16.081,False
2024-01-01 08:23:00,71.6668,5.2482,2.5562,16.0627,False
2024-01-01 08:24:00,69.9307,5.2764,2.4646,16.4707,False
2024-01-01 08:25:00,72.6524,5.2127,1.8779,17.9165,False
2024-01-01 08:26:00,76.285,5.3497,3.2828,14.2413,False
2024-01-01 08:27:00,73.0314,5.1352,3.1011,15.9256,False
2024-01-01 08:28:00,71.749,5.2053,2.9009,16.8012,False
2024-01-01 08:29:00,73.6246,5.0145,3.4082,15.9829,False
2024-01-01 08:30:00,71.1319,4.8887,3.0276,16.7961,False
2024-01-01 08:31:00,72.5635,5.2249,3.0611,16.9147,False
2024-01-01 08:32:00,73.1293,4.9042,3.4746,16.6316,False
2024-01-01 08:33:00,73.1145,4.933,3.8877,17.3658,False
2024-01-01 08:34:00,73.321,4.8491,3.8674,17.8252,False
2024-01-01 08:35:00,72.0942,4.7258,3.5423,17.0512,False
2024-01-01 08:36:00,72.5062,4.7682,3.6292,17.2211,False
2024-01-01 08:37:00,70.5671,4.9694,3.8004,17.297,False
2024-01-01 08:38:00,72.9046,4.8011,3.1546,17.4876,False
2024-01-01 08:39:00,73.609,4.4287,3.6224,16.1691,False
2024-01-01 08:40:00,69.7436,4.6502,3.3742,17.7512,False
2024-01-01 08:41:00,69.3746,4.8837,3.92,16.805,False
2024-01-01 08:42:00,71.0664,4.555,3.7859,18.0804,False
2024-01-01 08:43:00,69.214,4.2725,3.868,17.4228,False
2024-01-01 08:44:00,71.1281,4.7263,3.6676,17.5409,False
2024-01-01 08:45:00,68.8302,4.4787,2.739,15.6638,False
2024-01-01 08:46:00,71.5734,4.4147,3.8113,16.272,False
2024-01-01 08:47:00,70.4743,4.3623,3.8069,15.9087,False
2024-01-01 08:48:00,70.6021,4.4965,3.7044,16.4867,False
2024-01-01 08:49:00,71.4435,4.1632,3.5222,17.4383,False
2024-01-01 08:50:00,69.4366,4.3958,4.0841,17.8229,False
2024-01-01 08:51:00,69.0132,4.3604,3.6082,15.615,False
2024-01-01 08:52:00,69.7786,4.2901,3.4591,16.3173,False
2024-01-01 08:53:00,71.2721,4.3183,3.6563,16.6556,False
2024-01-01 08:54:00,68.4745,4.2685,3.5079,17.1754,False
2024-01-01 08:55:00,71.909,4.4558,3.0714,15.3135,False
2024-01-01 08:56:00,70.1853,4.0923,2.5951,15.474,False
2024-01-01 08:57:00,72.5331,4.0088,3.0887,17.5113,False
2024-01-01 08:58:00,67.7187,4.3161,3.3348,15.5802,False
2024-01-01 08:59:00,69.3903,4.3464,3.0487,17.068,False
2024-01-01 09:00:00,68.952,4.2755,3.3823,17.7939,False
2024-01-01 09:01:00,69.9595,4.2642,3.1832,18.1601,False
2024-01-01 09:02:00,71.6266,4.1632,3.6127,17.2824,False
2024-01-01 09:03:00,71.2623,4.3153,2.9909,17.3917,False
2024-01-01 09:04:00,71.1964,4.203,3.126,18.2581,False
2024-01-01 09:05:00,71.8655,4.1194,3.113,17.9974,False
2024-01-01 09:06:00,72.2581,4.1128,3.3242,17.0257,False
2024-01-01 09:07:00,70.2128,4.5338,2.4009,17.3098,False
2024-01-01 09:08:00,72.067,4.0138,2.7262,18.0961,False
2024-01-01 09:09:00,72.3125,4.3095,3.0002,18.9464,False
2024-01-01 09:10:00,79.4118,4.0058,3.1935,18.5005,True
2024-01-01 09:11:00,79.1367,4.2051,2.7971,18.8828,True
2024-01-01 09:12:00,78.6757,4.1027,2.7026,17.3329,True
2024-01-01 09:13:00,80.6765,3.9045,3.0316,17.4083,True
2024-01-01 09:14:00,78.1306,4.2001,3.085,17.3455,True
2024-01-01 09:15:00,77.5076,4.132,2.7232,17.4503,True
2024-01-01 09:16:00,76.9038,3.8664,2.891,16.5334,True
2024-01-01 09:17:00,76.4722,4.3022,3.0611,18.305,True
2024-01-01 09:18:00,76.6688,4.4152,3.2835,18.2722,True
2024-01-01 09:19:00,77.5411,4.454,2.8914,17.4208,True
2024-01-01 09:20:00,78.6053,4.2503,2.8177,17.8582,True
2024-01-01 09:21:00,79.0839,4.2407,2.8848,17.7801,True
2024-01-01 09:22:00,78.9312,4.4416,3.0948,18.2169,True
2024-01-01 09:23:00,77.787,4.4414,2.8936,16.4757,True
2024-01-01 09:24:00,79.5132,4.3574,2.9421,17.6597,True
2024-01-01 09:25:00,79.1378,4.1143,2.4195,17.7255,True
2024-01-01 09:26:00,77.9973,4.3639,3.077,18.0282,True
2024-01-01 09:27:00,77.1582,4.4307,2.3259,17.5203,True
2024-01-01 09:28:00,78.8438,4.037,2.5288,16.0455,True
2024-01-01 09:29:00,78.8487,4.4009,2.6984,17.187,True
2024-01-01 09:30:00,76.4682,4.7085,3.3152,17.9334,True
2024-01-01 09:31:00,78.3095,4.493,2.4906,18.3479,True
2024-01-01 09:32:00,78.7941,4.6486,2.3213,19.5344,True
2024-01-01 09:33:00,77.6873,4.465,2.4553,18.3056,True
2024-01-01 09:34:00,79.1407,4.4163,3.1505,17.7827,True
2024-01-01 09:35:00,76.7879,4.4506,1.7346,18.0578,True
2024-01-01 09:36:00,79.8463,4.1807,2.2321,19.197,True
2024-01-01 09:37:00,79.9298,4.1734,3.3098,17.7997,True
2024-01-01 09:38:00,78.6695,4.5151,2.6402,18.5112,True
2024-01-01 09:39:00,78.755,4.5547,2.1459,17.9366,True
2024-01-01 09:40:00,68.5281,4.1374,2.6664,19.8756,False
2024-01-01 09:41:00,70.6228,4.461,2.6816,19.015,False
2024-01-01 09:42:00,71.7361,4.3947,2.9437,18.2169,False
2024-01-01 09:43:00,71.1302,4.4574,3.0607,18.4909,False
2024-01-01 09:44:00,73.1353,4.4682,2.5652,19.001,False
2024-01-01 09:45:00,74.7539,4.5585,2.3879,18.4763,False
2024-01-01 09:46:00,70.4808,4.5095,2.8124,17.8503,False
2024-01-01 09:47:00,70.1871,4.655,1.9656,17.7352,False
2024-01-01 09:48:00,71.9935,4.4948,1.9449,18.4846,False
2024-01-01 09:49:00,73.4446,4.5022,1.9203,18.2039,False
2024-01-01 09:50:00,70.0468,4.258,1.816,17.7014,False
2024-01-01 09:51:00,71.4812,4.7058,2.1843,16.9423,False
2024-01-01 09:52:00,73.0466,4.5153,1.8791,17.999,False
2024-01-01 09:53:00,69.0207,4.6329,2.4567,18.0677,False
2024-01-01 09:54:00,69.4023,4.3021,2.0474,17.9768,False
2024-01-01 09:55:00,70.7724,4.4005,1.3017,18.8553,False
2024-01-01 09:56:00,71.0095,4.8216,2.0346,19.462,False
2024-01-01 09:57:00,72.9006,4.6552,2.3731,19.3267,False
2024-01-01 09:58:00,72.4657,4.2975,2.4258,19.2707,False
2024-01-01 09:59:00,70.7689,4.6615,3.1761,18.5537,False
2024-01-01 10:00:00,73.2555,4.4934,2.5581,18.506,False
2024-01-01 10:01:00,72.0635,4.8348,2.9006,17.8016,False
2024-01-01 10:02:00,74.8311,4.7224,2.7632,17.9778,False
2024-01-01 10:03:00,73.1183,4.7035,2.9802,18.6003,False
2024-01-01 10:04:00,72.686,4.9198,2.9015,18.2664,False
2024-01-01 10:05:00,74.103,4.6142,3.0067,18.4453,False
2024-01-01 10:06:00,74.979,4.6402,2.717,17.9542,False
2024-01-01 10:07:00,74.8796,4.6892,2.9841,17.3749,False
2024-01-01 10:08:00,72.4764,4.9178,2.782,18.9194,False
2024-01-01 10:09:00,75.151,4.6362,2.6397,17.1987,False
2024-01-01 10:10:00,73.216,4.5902,10.8174,16.611,True
2024-01-01 10:11:00,74.9415,5.0005,3.0737,16.4858,False
2024-01-01 10:12:00,72.954,4.7594,2.9369,17.7649,False
2024-01-01 10:13:00,75.2829,4.775,3.2155,18.757,False
2024-01-01 10:14:00,73.9099,4.5467,3.1354,17.2705,False
2024-01-01 10:15:00,73.1966,4.654,2.9196,17.2261,False
2024-01-01 10:16:00,75.8995,4.8121,3.0554,18.2387,False
2024-01-01 10:17:00,76.4888,5.0233,2.8509,16.0245,False
2024-01-01 10:18:00,74.878,4.7509,2.7826,19.1812,False
2024-01-01 10:19:00,77.5643,5.147,2.6166,19.4471,False
2024-01-01 10:20:00,75.1081,4.7991,3.0457,15.6232,False
2024-01-01 10:21:00,75.9869,4.8299,3.354,17.6271,False
2024-01-01 10:22:00,76.3824,5.1496,2.9542,16.9922,False
2024-01-01 10:23:00,75.6859,4.9269,3.9438,17.3041,False
2024-01-01 10:24:00,77.5016,4.8772,3.5372,17.5213,False
2024-01-01 10:25:00,76.4298,4.9481,3.6398,18.5396,False
2024-01-01 10:26:00,77.0476,5.2791,3.4986,17.6987,False
2024-01-01 10:27:00,78.3793,5.3066,3.7781,17.3536,False
2024-01-01 10:28:00,76.1602,4.93,2.9057,18.5165,False
2024-01-01 10:29:00,74.7133,5.1103,2.3997,19.1465,False
2024-01-01 10:30:00,79.99,5.1637,2.9595,18.1109,False
2024-01-01 10:31:00,80.7199,5.0377,3.2727,18.0015,False
2024-01-01 10:32:00,76.9431,5.231,3.1281,20.7675,False
2024-01-01 10:33:00,75.2418,5.2073,3.1127,18.6742,False
2024-01-01 10:34:00,77.2688,5.3689,3.3732,18.7794,False
2024-01-01 10:35:00,77.4817,5.3677,3.0242,18.5469,False
2024-01-01 10:36:00,78.064,5.0747,2.9826,19.1808,False
2024-01-01 10:37:00,76.3767,5.0775,2.4852,20.0987,False
2024-01-01 10:38:00,78.8471,5.2659,2.4479,19.0037,False
2024-01-01 10:39:00,78.8529,5.0813,3.3256,17.3037,False
2024-01-01 10:40:00,76.4243,5.1871,2.8094,17.5887,False
2024-01-01 10:41:00,78.5965,5.0077,2.7519,18.3905,False
2024-01-01 10:42:00,80.4955,4.9445,2.6999,18.0906,False
2024-01-01 10:43:00,77.4505,4.9311,2.5976,16.813,False
2024-01-01 10:44:00,77.1934,5.2502,2.4801,18.553,False
2024-01-01 10:45:00,76.9935,4.9852,2.1469,17.1747,False
2024-01-01 10:46:00,78.0455,5.1752,2.2229,19.4409,False
2024-01-01 10:47:00,75.3034,4.9052,2.7341,19.8372,False
2024-01-01 10:48:00,78.1092,4.9926,2.6587,18.0607,False
2024-01-01 10:49:00,77.4612,5.3533,3.0753,18.7448,False
2024-01-01 10:50:00,79.9761,4.8179,2.9851,17.3649,False
2024-01-01 10:51:00,77.4517,4.7349,2.9273,18.6495,False
2024-01-01 10:52:00,80.2064,5.1987,2.5839,18.0146,False
2024-01-01 10:53:00,77.1283,4.8935,2.8835,17.8125,False
2024-01-01 10:54:00,79.0567,5.0178,3.0634,18.7393,False
2024-01-01 10:55:00,78.6884,4.9302,3.3401,18.4997,False
2024-01-01 10:56:00,76.7335,5.0415,3.0805,18.9491,False
2024-01-01 10:57:00,78.1851,4.8149,3.3558,19.8888,False
2024-01-01 10:58:00,78.834,4.984,2.9395,18.7012,False
2024-01-01 10:59:00,77.3243,5.0009,2.9706,20.6297,False
2024-01-01 11:00:00,75.7685,4.7481,2.5297,18.1683,False
2024-01-01 11:01:00,78.6652,4.7611,2.2044,19.9819,False
2024-01-01 11:02:00,77.1834,4.7987,2.8445,17.8743,False
2024-01-01 11:03:00,77.8076,4.5835,2.9414,18.7802,False
2024-01-01 11:04:00,78.751,4.7166,2.7639,18.3585,False
2024-01-01 11:05:00,77.174,4.7581,2.6993,18.9678,False
2024-01-01 11:06:00,76.9468,4.5784,2.5185,19.6519,False
2024-01-01 11:07:00,79.4678,4.5717,2.3744,20.135,False
2024-01-01 11:08:00,78.1763,4.5342,2.7499,19.7347,False
2024-01-01 11:09:00,75.7355,4.3384,2.5938,18.396,False
2024-01-01 11:10:00,79.4015,1.9039,2.3336,19.1916,True
2024-01-01 11:11:00,78.6601,4.6452,2.5085,18.8346,False
2024-01-01 11:12:00,76.8032,4.366,1.9172,18.5401,False
2024-01-01 11:13:00,76.0538,4.5158,2.2105,18.291,False
2024-01-01 11:14:00,78.7156,4.3015,2.7037,18.6354,False
2024-01-01 11:15:00,77.9524,4.3178,2.4249,19.5654,False
2024-01-01 11:16:00,79.7119,4.5773,2.0341,18.1535,False
2024-01-01 11:17:00,77.6377,4.3585,2.1678,19.6533,False
2024-01-01 11:18:00,77.6305,4.0338,2.2094,20.6008,False
2024-01-01 11:19:00,76.5924,4.3266,1.3696,20.0201,False
2024-01-01 11:20:00,77.5691,4.439,1.9257,18.7569,False
2024-01-01 11:21:00,76.6964,4.1849,2.2493,18.296,False
2024-01-01 11:22:00,76.9991,4.3876,2.156,19.3327,False
2024-01-01 11:23:00,74.6105,4.1352,2.6259,17.1034,False
2024-01-01 11:24:00,75.0921,3.9904,2.8982,20.3038,False
2024-01-01 11:25:00,74.7175,4.1836,2.4801,19.2394,False
2024-01-01 11:26:00,76.387,3.9105,2.1103,21.2796,False
2024-01-01 11:27:00,76.9414,4.0828,2.4949,18.615,False
2024-01-01 11:28:00,74.5874,4.3336,2.4292,20.4876,False
2024-01-01 11:29:00,74.4748,3.9742,2.3866,19.6308,False
2024-01-01 11:30:00,75.5729,4.1258,2.1889,19.4453,False
2024-01-01 11:31:00,74.5877,4.1891,3.0029,18.4149,False
2024-01-01 11:32:00,75.3465,4.3234,1.8355,19.7931,False
2024-01-01 11:33:00,70.9191,4.1845,2.4456,20.2664,False
2024-01-01 11:34:00,72.375,4.3884,2.5836,20.945,False
2024-01-01 11:35:00,71.9224,4.3814,2.2394,20.6176,False
2024-01-01 11:36:00,70.188,4.2761,2.8504,19.2508,False
2024-01-01 11:37:00,71.601,4.1933,2.9482,18.9394,False
2024-01-01 11:38:00,72.4725,4.2257,2.5907,18.8031,False
2024-01-01 11:39:00,72.6171,3.9925,2.6946,20.9443,False
2024-01-01 11:40:00,74.2121,4.2003,2.8731,19.2962,True
2024-01-01 11:41:00,72.1167,3.9103,2.9729,20.6193,True
2024-01-01 11:42:00,70.9564,4.1695,3.0219,19.9908,True
2024-01-01 11:43:00,72.1442,4.1974,3.0315,19.2639,True
2024-01-01 11:44:00,72.5993,4.0257,3.1885,18.7485,True
2024-01-01 11:45:00,70.2609,4.0019,3.3898,19.7745,True
2024-01-01 11:46:00,71.0247,4.0866,2.5969,19.4154,True
2024-01-01 11:47:00,72.5891,3.5978,2.4865,18.8422,True
2024-01-01 11:48:00,71.7203,4.1074,2.1847,19.4475,True
2024-01-01 11:49:00,73.102,4.0447,2.9301,18.6544,True
2024-01-01 11:50:00,72.2025,4.0473,2.7489,18.2236,True
2024-01-01 11:51:00,72.8101,4.1877,2.8168,18.8956,True
2024-01-01 11:52:00,69.8782,4.1046,2.2932,18.4225,True
2024-01-01 11:53:00,71.3513,3.94,3.3077,18.9955,True
2024-01-01 11:54:00,71.0759,4.0953,2.4488,18.2202,True
2024-01-01 11:55:00,69.512,4.0926,2.6416,17.7876,True
2024-01-01 11:56:00,69.1671,4.0635,2.7047,20.231,True
2024-01-01 11:57:00,71.681,4.1093,2.0696,19.9776,True
2024-01-01 11:58:00,70.2832,4.2629,2.1628,19.0125,True
2024-01-01 11:59:00,69.7425,3.9652,2.0015,18.0762,True
2024-01-01 12:00:00,70.408,4.1666,2.9629,17.9596,True
2024-01-01 12:01:00,72.3152,4.3347,2.1743,19.2156,True
2024-01-01 12:02:00,67.7637,3.9111,2.4353,17.992,True
2024-01-01 12:03:00,68.5344,4.2377,2.413,18.1485,True
2024-01-01 12:04:00,69.9952,4.1595,2.0452,20.1606,True
2024-01-01 12:05:00,73.3068,4.1812,1.5661,18.7717,True
2024-01-01 12:06:00,71.9533,4.1583,2.0526,19.8817,True
2024-01-01 12:07:00,72.2225,4.2713,1.352,17.4252,True
2024-01-01 12:08:00,69.7882,4.5942,2.1835,18.9552,True
2024-01-01 12:09:00,69.8954,4.1334,1.6895,20.5009,True
2024-01-01 12:10:00,71.8452,4.1516,0.8561,18.7283,True
2024-01-01 12:11:00,71.4005,4.0921,1.511,18.4294,True
2024-01-01 12:12:00,72.0358,4.5744,1.7128,17.9548,True
2024-01-01 12:13:00,71.1339,4.3699,1.456,19.7117,True
2024-01-01 12:14:00,71.2369,4.4094,1.8774,17.9416,True
2024-01-01 12:15:00,70.9962,4.3495,1.3344,19.0836,True
2024-01-01 12:16:00,72.1664,4.243,1.107,17.8692,True
2024-01-01 12:17:00,71.7879,4.325,1.3933,20.0552,True
2024-01-01 12:18:00,68.9101,4.7987,1.444,19.7846,True
2024-01-01 12:19:00,67.9659,4.6068,1.1739,18.8619,True
2024-01-01 12:20:00,72.0208,4.2502,1.5237,17.8763,True
2024-01-01 12:21:00,72.2148,4.4081,0.6669,19.9434,True
2024-01-01 12:22:00,70.2113,4.1614,0.8219,18.3264,True
2024-01-01 12:23:00,69.4711,3.9552,0.6199,17.4298,True
2024-01-01 12:24:00,71.4228,4.4205,0.0474,17.3955,True
2024-01-01 12:25:00,72.7577,4.5846,0.1973,18.1833,True
2024-01-01 12:26:00,73.5989,4.5628,0.555,17.6299,True
2024-01-01 12:27:00,71.9451,4.2744,0.9704,18.1579,True
2024-01-01 12:28:00,71.0911,4.3793,0.3939,19.1136,True
2024-01-01 12:29:00,70.3777,4.502,-0.2626,18.0599,True
2024-01-01 12:30:00,71.8795,4.5274,-0.6737,18.2294,True
2024-01-01 12:31:00,71.3027,4.4155,0.3779,17.3026,True
2024-01-01 12:32:00,70.3067,4.2234,-0.0165,17.8114,True
2024-01-01 12:33:00,73.8403,4.4977,0.3503,19.5565,True
2024-01-01 12:34:00,73.4213,4.7001,-0.4584,17.4178,True
2024-01-01 12:35:00,73.1445,4.3707,-0.1637,17.8435,True
2024-01-01 12:36:00,70.9841,4.6471,0.0762,16.0516,True
2024-01-01 12:37:00,73.797,4.617,-0.4187,18.8594,True
2024-01-01 12:38:00,74.3871,4.6481,-0.6091,17.027,True
2024-01-01 12:39:00,73.7693,4.7128,-0.5609,18.368,True
2024-01-01 12:40:00,74.7719,4.425,3.0866,17.6378,False
2024-01-01 12:41:00,73.6182,4.298,2.7307,18.1543,False
2024-01-01 12:42:00,73.4913,4.5265,3.0334,17.8368,False
2024-01-01 12:43:00,73.1807,4.783,2.6434,16.5927,False
2024-01-01 12:44:00,72.4938,4.623,2.2916,18.0322,False
2024-01-01 12:45:00,69.6313,4.6234,3.1883,16.2348,False
2024-01-01 12:46:00,71.9009,4.5324,2.2701,17.5588,False
2024-01-01 12:47:00,70.7745,5.1321,2.2169,16.6459,False
2024-01-01 12:48:00,70.3065,5.0322,2.2699,17.32,False
2024-01-01 12:49:00,73.6073,5.0828,2.1772,16.7705,False
2024-01-01 12:50:00,74.7654,5.1606,2.1778,16.9364,False
2024-01-01 12:51:00,74.1943,5.0939,2.292,15.794,False
2024-01-01 12:52:00,72.9374,4.9221,2.3007,17.0261,False
2024-01-01 12:53:00,73.8246,4.967,2.4108,16.7055,False
2024-01-01 12:54:00,72.8936,4.9636,1.6881,15.5782,False
2024-01-01 12:55:00,73.5538,5.4812,2.8924,16.1545,False
2024-01-01 12:56:00,72.1129,5.1327,2.2864,16.0795,False
2024-01-01 12:57:00,73.4199,4.9453,2.4634,15.6246,False
2024-01-01 12:58:00,73.1206,5.1125,1.9055,16.3745,False
2024-01-01 12:59:00,71.1066,4.8923,2.2029,15.6843,False
2024-01-01 13:00:00,73.1811,5.1889,2.1073,18.6106,True
2024-01-01 13:01:00,73.458,5.1883,2.6374,17.6121,True
2024-01-01 13:02:00,75.7519,5.1902,2.0528,17.3565,True
2024-01-01 13:03:00,73.7983,5.1894,2.4611,17.7943,True
2024-01-01 13:04:00,72.439,5.1877,1.8978,15.2588,True
2024-01-01 13:05:00,73.0438,5.1877,2.0453,14.946,True
2024-01-01 13:06:00,73.2949,5.1885,2.2383,16.6082,True
2024-01-01 13:07:00,73.4368,5.1871,2.9677,16.0859,True
2024-01-01 13:08:00,71.8297,5.1891,2.0152,16.8676,True
2024-01-01 13:09:00,73.1094,5.1883,2.1787,17.697,True
2024-01-01 13:10:00,72.8111,5.1882,1.9341,18.7336,True
2024-01-01 13:11:00,71.6436,5.1887,2.2624,17.0873,True
2024-01-01 13:12:00,73.8226,5.1897,2.4151,18.3836,True
2024-01-01 13:13:00,73.8477,5.1882,2.1525,18.2922,True
2024-01-01 13:14:00,71.1938,5.1879,2.4558,18.1945,True
2024-01-01 13:15:00,72.6,5.1895,1.9486,17.1254,True
2024-01-01 13:16:00,73.9369,5.1889,2.3937,18.9085,True
2024-01-01 13:17:00,74.0144,5.1877,3.0463,17.7321,True
2024-01-01 13:18:00,74.047,5.188,2.8617,19.1273,True
2024-01-01 13:19:00,72.7894,5.1882,2.7232,17.0321,True
2024-01-01 13:20:00,71.7097,5.1883,2.3718,17.643,True
2024-01-01 13:21:00,71.558,5.1866,2.2435,16.9441,True
2024-01-01 13:22:00,73.5813,5.1864,2.4156,16.5418,True
2024-01-01 13:23:00,73.6557,5.1871,2.8373,17.5336,True
2024-01-01 13:24:00,74.7467,5.187,3.2835,17.0206,True
2024-01-01 13:25:00,74.712,5.1873,3.3923,15.2518,True
2024-01-01 13:26:00,72.6974,5.1886,3.4227,15.0042,True
2024-01-01 13:27:00,71.7254,5.1878,3.1597,18.0889,True
2024-01-01 13:28:00,73.0161,5.1882,3.4472,18.1933,True
2024-01-01 13:29:00,73.8542,5.1868,3.3422,18.8609,True
2024-01-01 13:30:00,73.8756,5.1875,3.4689,17.6209,True
2024-01-01 13:31:00,72.8825,5.1886,4.2299,17.0815,True
2024-01-01 13:32:00,73.3651,5.1886,3.1348,17.3234,True
2024-01-01 13:33:00,72.7856,5.1873,3.4441,17.5489,True
2024-01-01 13:34:00,72.856,5.1881,3.7899,16.5372,True
2024-01-01 13:35:00,74.2635,5.1902,2.9524,18.6957,True
2024-01-01 13:36:00,73.4536,5.188,3.2601,19.164,True
2024-01-01 13:37:00,74.6861,5.1873,3.2793,17.6928,True
2024-01-01 13:38:00,75.2593,5.1878,3.4601,17.5467,True
2024-01-01 13:39:00,73.9213,5.1881,3.1485,16.2428,True
2024-01-01 13:40:00,74.7892,4.1994,3.8903,18.2691,False
2024-01-01 13:41:00,76.5081,4.5094,3.9924,16.864,False
2024-01-01 13:42:00,73.8756,4.6107,3.8201,16.5148,False
2024-01-01 13:43:00,73.362,4.339,3.425,16.8702,False
2024-01-01 13:44:00,74.0661,4.4738,3.6322,16.0534,False
2024-01-01 13:45:00,76.1704,4.4295,3.1675,16.6477,False
2024-01-01 13:46:00,76.5802,4.7026,3.3003,15.2364,False
2024-01-01 13:47:00,76.8611,4.7454,4.1567,17.527,False
2024-01-01 13:48:00,79.151,4.2081,3.5675,16.6048,False
2024-01-01 13:49:00,74.2709,4.8331,3.3501,17.9155,False
2024-01-01 13:50:00,77.9858,4.2618,3.7546,16.8121,False
2024-01-01 13:51:00,79.7687,4.4964,3.4942,16.8916,False
2024-01-01 13:52:00,76.6607,4.5876,3.5252,15.929,False
2024-01-01 13:53:00,77.2505,4.2762,3.5446,17.5445,False
2024-01-01 13:54:00,77.0633,4.457,3.5796,16.4459,False
2024-01-01 13:55:00,77.2012,4.4257,4.0715,16.6883,False
2024-01-01 13:56:00,77.999,4.5289,3.8916,17.2369,False
2024-01-01 13:57:00,80.2611,4.4972,3.7918,17.1654,False
2024-01-01 13:58:00,80.7301,4.6255,3.3979,15.9225,False
2024-01-01 13:59:00,78.7246,4.4333,3.6401,16.9905,False
2024-01-01 14:00:00,81.1283,4.3802,3.9503,18.0494,False
2024-01-01 14:01:00,78.7244,4.499,3.6056,17.1478,False
2024-01-01 14:02:00,80.8467,4.4122,3.6643,17.6575,False
2024-01-01 14:03:00,78.9972,4.4427,3.8318,17.6936,False
2024-01-01 14:04:00,78.7561,4.31,3.6204,17.1266,False
2024-01-01 14:05:00,78.616,4.2458,3.8822,16.2907,False
2024-01-01 14:06:00,81.3254,4.2011,4.2658,16.7958,False
2024-01-01 14:07:00,78.6396,4.1828,3.851,17.3457,False
2024-01-01 14:08:00,76.4516,4.5109,4.2632,15.9305,False
2024-01-01 14:09:00,78.4197,4.5654,3.9767,16.5324,False
2024-01-01 14:10:00,77.1519,4.3444,3.3637,15.6708,False
2024-01-01 14:11:00,76.8356,4.5958,3.5423,17.4991,False
2024-01-01 14:12:00,78.6664,4.5385,3.7097,16.5936,False
2024-01-01 14:13:00,77.5603,4.2959,3.7078,16.4529,False
2024-01-01 14:14:00,78.149,4.1106,3.8323,17.077,False
2024-01-01 14:15:00,78.03,4.465,3.9179,15.7768,False
2024-01-01 14:16:00,78.1774,4.1255,4.0577,16.1715,False
2024-01-01 14:17:00,78.2358,4.0962,3.819,15.8335,False
2024-01-01 14:18:00,75.784,4.0234,3.5212,16.6929,False
2024-01-01 14:19:00,79.0288,3.9187,2.9613,18.5345,False
2024-01-01 14:20:00,76.5115,3.8465,3.5032,17.0992,False
2024-01-01 14:21:00,76.177,4.1027,3.3553,18.341,False
2024-01-01 14:22:00,77.4088,3.9207,3.2887,17.1827,False
2024-01-01 14:23:00,78.0619,4.4404,3.784,18.2962,False
2024-01-01 14:24:00,77.4377,3.8917,3.5895,17.0692,False
2024-01-01 14:25:00,79.2868,3.7842,3.3394,18.0734,False
2024-01-01 14:26:00,76.6403,3.9998,2.7354,17.7525,False
2024-01-01 14:27:00,77.5845,4.1736,2.7137,19.3252,False
2024-01-01 14:28:00,77.5119,4.0302,2.8357,17.3949,False
2024-01-01 14:29:00,77.9045,4.1184,2.69,16.6245,False
2024-01-01 14:30:00,78.2634,3.7791,3.1553,17.6392,False
2024-01-01 14:31:00,76.909,3.9519,3.067,18.8188,False
2024-01-01 14:32:00,78.6426,3.8442,2.6285,15.454,False
2024-01-01 14:33:00,77.4927,3.7001,3.2488,15.8935,False
2024-01-01 14:34:00,74.5914,3.9505,2.9252,16.3464,False
2024-01-01 14:35:00,74.0219,3.5457,2.3665,16.126,False
2024-01-01 14:36:00,75.609,3.7123,2.8436,16.311,False
2024-01-01 14:37:00,75.5604,3.7897,2.9314,15.7576,False
2024-01-01 14:38:00,76.2738,3.7735,3.1615,18.5418,False
2024-01-01 14:39:00,76.7622,3.9128,2.7285,16.3182,False
2024-01-01 14:40:00,76.3386,3.9299,-4.4495,17.6047,True
2024-01-01 14:41:00,77.3529,4.0137,3.0128,18.4283,False
2024-01-01 14:42:00,75.267,4.0753,2.8045,17.2006,False
2024-01-01 14:43:00,74.8765,4.1653,2.6573,16.4105,False
2024-01-01 14:44:00,74.8642,4.067,3.3068,15.7875,False
2024-01-01 14:45:00,75.6563,4.0945,3.254,16.7588,False
2024-01-01 14:46:00,76.7937,4.1469,3.0016,16.2193,False
2024-01-01 14:47:00,74.2888,4.0669,3.4557,16.5961,False
2024-01-01 14:48:00,71.7857,3.9903,3.3966,15.8236,False
2024-01-01 14:49:00,72.0869,4.013,3.3184,17.5373,False
2024-01-01 14:50:00,73.2622,3.9339,2.9059,16.661,False
2024-01-01 14:51:00,73.8859,4.0937,3.6531,17.0273,False
2024-01-01 14:52:00,73.6897,3.9848,3.2925,17.9301,False
2024-01-01 14:53:00,73.739,3.8299,3.0347,16.771,False
2024-01-01 14:54:00,72.4864,3.8238,2.8272,16.4305,False
2024-01-01 14:55:00,74.007,3.8134,3.0261,16.5154,False
2024-01-01 14:56:00,71.7141,4.1118,2.3761,16.9584,False
2024-01-01 14:57:00,70.9284,3.9606,3.1882,17.251,False
2024-01-01 14:58:00,72.724,3.948,2.7404,16.903,False
2024-01-01 14:59:00,70.1572,4.2135,3.2151,15.9756,False
2024-01-01 15:00:00,72.0997,4.067,2.7992,17.3201,False
2024-01-01 15:01:00,71.5927,4.012,2.7661,18.2758,False
2024-01-01 15:02:00,71.7234,4.4469,2.7054,18.1754,False
2024-01-01 15:03:00,74.0469,4.1834,2.6556,19.0193,False
2024-01-01 15:04:00,71.3592,4.2338,3.4127,19.3063,False
2024-01-01 15:05:00,74.8149,4.2696,3.1206,18.5394,False
2024-01-01 15:06:00,71.6568,4.5887,2.9167,19.086,False
2024-01-01 15:07:00,70.4307,4.3855,2.7459,18.531,False
2024-01-01 15:08:00,72.1234,4.195,3.1264,19.6335,False
2024-01-01 15:09:00,70.5995,4.4502,3.5197,19.429,False
2024-01-01 15:10:00,71.1749,4.2699,2.7304,43.1464,True
2024-01-01 15:11:00,72.2938,4.7298,3.0321,18.9675,False
2024-01-01 15:12:00,72.7033,4.5935,2.3558,18.3374,False
2024-01-01 15:13:00,71.5149,4.2679,3.2958,18.3932,False
2024-01-01 15:14:00,72.4126,4.6277,3.5759,17.7808,False
2024-01-01 15:15:00,73.115,4.7968,3.0093,18.5598,False
2024-01-01 15:16:00,72.3988,4.7654,2.2827,17.6132,False
2024-01-01 15:17:00,71.1892,4.8226,3.1948,18.2406,False
2024-01-01 15:18:00,72.6672,4.3975,2.6291,16.495,False
2024-01-01 15:19:00,68.7457,4.7283,2.8388,19.2671,False
2024-01-01 15:20:00,70.1819,4.5291,3.2095,17.4043,False
2024-01-01 15:21:00,69.2412,4.7107,2.9945,18.5168,False
2024-01-01 15:22:00,70.9218,4.4941,2.945,19.1089,False
2024-01-01 15:23:00,69.505,4.5595,2.9129,18.5902,False
2024-01-01 15:24:00,70.5321,4.6058,3.3401,19.3276,False
2024-01-01 15:25:00,73.0785,4.8599,3.3036,17.192,False
2024-01-01 15:26:00,70.2917,4.9004,3.0307,20.3117,False
2024-01-01 15:27:00,70.9037,4.8686,3.2684,19.1166,False
2024-01-01 15:28:00,69.889,4.568,3.4932,18.8556,False
2024-01-01 15:29:00,70.7096,4.6683,3.4861,19.8855,False
2024-01-01 15:30:00,71.0066,4.5794,3.1576,17.9593,False
2024-01-01 15:31:00,71.0166,4.7844,3.8937,18.6318,False
2024-01-01 15:32:00,71.8558,4.8752,2.7543,20.2125,False
2024-01-01 15:33:00,72.2486,4.8797,3.4335,17.9709,False
2024-01-01 15:34:00,71.243,4.6618,3.4926,19.8915,False
2024-01-01 15:35:00,71.1965,4.3822,3.7086,20.2971,False
2024-01-01 15:36:00,69.8077,4.5355,3.7795,21.2937,False
2024-01-01 15:37:00,71.1577,5.0641,3.8793,18.6386,False
2024-01-01 15:38:00,72.0549,4.8043,3.2579,21.306,False
2024-01-01 15:39:00,71.8195,4.7454,3.5003,19.3064,False
2024-01-01 15:40:00,70.8494,5.1607,3.2968,19.455,False
2024-01-01 15:41:00,71.312,5.0949,2.8396,18.843,False
2024-01-01 15:42:00,70.9991,4.8802,3.8734,18.7532,False
2024-01-01 15:43:00,71.5266,4.7802,2.9005,20.0516,False
2024-01-01 15:44:00,69.7813,4.8232,3.1932,18.89,False
2024-01-01 15:45:00,69.0342,4.918,3.201,20.3698,False
2024-01-01 15:46:00,69.3757,5.104,3.1111,19.2477,False
2024-01-01 15:47:00,65.3686,4.9688,2.7927,18.8046,False
2024-01-01 15:48:00,69.2035,4.9056,3.1602,19.285,False
2024-01-01 15:49:00,64.2435,4.9543,2.3502,20.0356,False
2024-01-01 15:50:00,67.4694,4.5867,2.5579,19.4139,False
2024-01-01 15:51:00,70.2481,4.828,2.4494,20.3328,False
2024-01-01 15:52:00,70.5053,4.7652,2.3889,20.5242,False
2024-01-01 15:53:00,68.0228,4.4113,2.6417,20.7112,False
2024-01-01 15:54:00,68.477,4.4341,2.6993,19.5017,False
2024-01-01 15:55:00,71.2056,4.5863,2.0949,19.436,False
2024-01-01 15:56:00,68.7505,4.7137,2.4132,20.0224,False
2024-01-01 15:57:00,72.4992,4.6071,2.2996,20.4639,False
2024-01-01 15:58:00,69.497,4.6542,1.9894,18.9969,False
2024-01-01 15:59:00,70.025,4.8812,2.0109,19.5487,False
2024-01-01 16:00:00,71.4012,4.3532,1.983,19.9943,False
2024-01-01 16:01:00,69.8171,4.5928,1.8252,20.6924,False
2024-01-01 16:02:00,68.3561,4.6947,2.2103,20.1252,False
2024-01-01 16:03:00,69.4643,4.551,2.1762,21.3367,False
2024-01-01 16:04:00,69.6012,4.6338,1.331,19.0289,False
2024-01-01 16:05:00,67.8729,4.369,1.3509,19.0859,False
2024-01-01 16:06:00,69.5167,4.7754,1.8743,19.9034,False
2024-01-01 16:07:00,69.1428,4.4103,1.3743,20.0061,False
2024-01-01 16:08:00,71.2255,4.7662,1.7031,18.6007,False
2024-01-01 16:09:00,70.1152,4.4271,1.8993,19.4179,False
2024-01-01 16:10:00,70.1375,4.5394,1.1538,19.2102,False
2024-01-01 16:11:00,70.3632,4.3087,1.2042,19.3055,False
2024-01-01 16:12:00,70.7486,4.327,2.2283,19.4964,False
2024-01-01 16:13:00,71.363,4.2587,1.8653,18.7029,False
2024-01-01 16:14:00,70.1344,4.4437,1.5888,20.7597,False
2024-01-01 16:15:00,69.6704,4.4422,1.3862,20.1597,False
2024-01-01 16:16:00,72.6166,4.29,1.6526,19.4398,False
2024-01-01 16:17:00,70.1941,4.4016,1.357,20.5597,False
2024-01-01 16:18:00,69.1813,4.315,2.1282,20.4017,False
2024-01-01 16:19:00,72.0911,4.7825,1.6649,21.6462,False
2024-01-01 16:20:00,72.3721,4.4543,2.2686,19.8353,False
2024-01-01 16:21:00,70.1154,4.7074,1.719,21.1185,False
2024-01-01 16:22:00,72.0999,4.4267,1.573,20.4192,False
2024-01-01 16:23:00,72.8055,4.4709,1.8735,21.3602,False
2024-01-01 16:24:00,72.3703,4.1646,1.1501,21.3615,False
2024-01-01 16:25:00,72.4928,4.2543,2.007,20.7181,False
2024-01-01 16:26:00,70.0581,4.3209,2.0571,20.5625,False
2024-01-01 16:27:00,72.3323,4.4731,2.3521,21.2094,False
2024-01-01 16:28:00,71.4146,4.2864,1.6709,20.6685,False
2024-01-01 16:29:00,71.0432,4.5107,2.4358,22.2587,False
2024-01-01 16:30:00,72.3288,4.3508,2.4208,21.0186,False
2024-01-01 16:31:00,73.3769,4.5053,2.7474,20.7259,False
2024-01-01 16:32:00,74.1214,4.1981,2.5268,20.6898,False
2024-01-01 16:33:00,73.7901,4.5456,2.9139,20.2453,False
2024-01-01 16:34:00,72.5859,4.0769,2.1692,21.2165,False
2024-01-01 16:35:00,73.3143,4.0563,2.7945,20.0501,False
2024-01-01 16:36:00,74.0951,3.9514,2.3501,21.2199,False
2024-01-01 16:37:00,73.5677,4.5212,2.1625,19.357,False
2024-01-01 16:38:00,73.6815,4.2735,2.2712,20.8661,False
2024-01-01 16:39:00,74.4617,4.0615,2.7036,21.5286,False
